source	sha256	pages	chars_per_page	extractor	extracted_utc	layout	parts	review	reviewer	redistributable	notes
docs/app-notes/gore/gore_acoustic-vents-portfolio_datasheet_2025-07.pdf	c59a3be0766d705d30487537723b13d61e5812002590ae2e69bbff559fd7cf57	12	1243	pdftotext -layout (poppler 24.02.0)	2026-08-21T05:17:45Z	single	1	unchecked		unknown	
docs/app-notes/gore/gore_gaw334_acoustic-vent-datasheet_en.pdf	31caf826c31012d5787280086572dbe67a6bc38dc05dacc8b6a48ff09c30adbd	2	1963	pdftotext -layout (poppler 24.02.0)	2026-08-21T05:17:45Z	single	1	unchecked		unknown	
docs/app-notes/knowles/knowles_mic-selection-guide_r5.pdf	fa39c61a077c3aa89b66446210bdd5bdc86b4f95ada05d1be06b7ea6d5b39992	4	2097	pdftotext -layout (poppler 24.02.0)	2026-08-21T05:17:45Z	single	1	unchecked		unknown	
docs/books/unsalan2018_dsp-using-arm-cortex-m_sample-chapter.pdf	bebb4f9f04b95919d67b9927932c1a9e35269eea6da23bfb1dc3ff09f3223221	42	1405	pdftotext -layout (poppler 24.02.0)	2026-08-21T05:17:45Z	single	1	unchecked		unknown	
docs/datasheets/espressif/esp32-s3/espressif_esp32-s3_datasheet_v2.2.pdf	2d5a7cb7fd559d8d972bd88db32669c0196d23f22d7afaafb0f63d099b589a3f	87	1433	pdftotext -layout (poppler 24.02.0)	2026-08-21T05:17:45Z	single	1	unchecked		yes	
docs/datasheets/espressif/esp32-s3/espressif_esp32-s3_hardware-design-guidelines_2026-08-07.pdf	04aa9e57515f591477a2b84f8c99c6c13946e5a378980d07ce33d33787dd4f2b	42	1314	pdftotext -layout (poppler 24.02.0)	2026-08-21T05:17:45Z	single	1	unchecked		yes	master/latest HTML guide exported to PDF by Espressif, build date 2026-08-07; no version number.
docs/datasheets/espressif/esp32-s3/espressif_esp32-s3_trm_v1.8.pdf	4484bf8a69035ec42a731c58c64ada6fbd1f1618c5559409f134d9ea083f444f	1531	1253	pdftotext -layout (poppler 24.02.0)	2026-08-21T05:17:47Z	split	45	unchecked		yes	
docs/datasheets/focaltech/ft6336u/focaltech_ft6236-ft6336-ft6436_datasheet_v0.3.pdf	d32c339b2e5cc380ea842c4bbb672edd8a77d420471bafd6f43f8885bbb006de	30	1323	pdftotext -layout (poppler 24.02.0)	2026-08-21T05:17:48Z	single	1	unchecked		unknown	D-FT6X36-DataSheet-20140724-V0.3 preliminary; buydisplay mirror.
docs/datasheets/instruments/bk-4231/bk_4128-c_hats_product-data_bp0521.pdf	f32f2e7cc40750b678b595b43bcb906b9c6b3c6ab80b1ec4e3a243c551fa0af0	8	2715	pdftotext -layout (poppler 24.02.0)	2026-08-21T05:17:48Z	single	1	unchecked		unknown	
docs/datasheets/instruments/bk-4231/bk_4231_product-data_bp1311.pdf	2ad04e807c2c52eda8023108a9d8b2d118e8e2edd51a5bcf9cb22366bf5b95ae	4	1870	pdftotext -layout (poppler 24.02.0)	2026-08-21T05:17:48Z	single	1	unchecked		unknown	
docs/datasheets/instruments/minidsp-umik-1/minidsp_umik-1_product-brief_2021.pdf	a80835e875098ff0ca613eb387f21e0814e5fc273853fd0d7625a9e09477b5d0	2	835	pdftotext -layout (poppler 24.02.0)	2026-08-21T05:17:48Z	single	1	unchecked		unknown	
docs/datasheets/instruments/nordic-ppk2/nordic_ppk2_user-guide_v1.0.1.pdf	ba8fd4300964e5e4590f71960abe2814d22553ebfae25ade80bebb06223d650f	21	798	pdftotext -layout (poppler 24.02.0)	2026-08-21T05:17:48Z	single	1	unchecked		unknown	
docs/datasheets/instruments/qoitech-otii/qoitech_otii-arc_techspec_2021.pdf	22641b9f5b555e96437a0667ed3734993b9ab36eb0656b0a87c8326af89eca3a	4	765	pdftotext -layout (poppler 24.02.0)	2026-08-21T05:17:48Z	single	1	unchecked		unknown	
docs/datasheets/knowles/spm1423hm4h-b/knowles_spm1423hm4h-b_datasheet_revA.pdf	85ecd7d7a42c7853a77a4dbc903606f7da82cf03abd496b75eb526147e1acbb0	11	422	pdftotext -layout (poppler 24.02.0)	2026-08-21T05:17:49Z	single	1	unchecked		unknown	Rev A (alldatasheet wrapper), 11 sheets; served by the M5Stack OSS mirror. Keep alongside Rev D for the AOP 110-vs-115 dB SPL question.
docs/datasheets/knowles/spm1423hm4h-b/knowles_spm1423hm4h-b_datasheet_revD.pdf	c1113669918e1662f7b81c025d3ccf4e950acee7e2168a5c3e4c5e2e0e9654e4	13	704	pdftotext -layout (poppler 24.02.0)	2026-08-21T05:17:49Z	single	1	unchecked		unknown	Rev D (2013-06-18), 13 sheets; served by the DigiKey mirror. Acoustic table/curve are raster: checked requires a visual read + digitised CSV.
docs/datasheets/lilygo/t-watch-s3/lilygo_t-watch-s3_schematic_2025-03-24.pdf	3fc71eba5b30085b4fe20c6222df26230af0602ddff08e257b9cdf090c58d931	6	891	pdftotext -layout (poppler 24.02.0)	2026-08-21T05:17:49Z	single	1	unchecked		yes	T_WATCH-S3 25-03-24.pdf from LilyGoLib master (MIT); same V1.4 sheets, title block T_WATCH-2020&GPS_V08, printed 2025-04-14.
docs/datasheets/lilygo/t-watch-s3/lilygo_t-watch-s3_schematic_v1.4.pdf	51e7269e73a6f5f17b420f01a39e481e5196850d9aabe0fb8396dce8b9937f8e	6	849	pdftotext -layout (poppler 24.02.0)	2026-08-21T05:17:49Z	single	1	unchecked		yes	T_WATCH_S3.pdf from TTGO_TWatch_Library branch t-watch-s3 (MIT); title block T-Watch-S3 Rev V1.4 dated 2021-01-08, printed 2026-01-08.
docs/datasheets/sitronix/st7789/sitronix_st7789v3_spec_preliminary_v0.0.pdf	54c7c43c61d3bc3ce573ed0d254dbd877f08c1af693b40a064c0d24830c5f18f	277	996	pdftotext -layout (poppler 24.02.0)	2026-08-21T05:17:50Z	split	2	unchecked		unknown	ST7789V3 preliminary V0.0 2020/01; Sipeed mirror.
docs/datasheets/sitronix/st7789/sitronix_st7789v_datasheet_v1.3.pdf	8ecf0e438aa25554efc473a4cfe6e436f3fb33e68cd876b25041557235d04ca1	316	968	pdftotext -layout (poppler 24.02.0)	2026-08-21T05:17:50Z	split	2	unchecked		unknown	ST7789V V1.3 2014/03; Newhaven mirror.
docs/datasheets/sitronix/st7789/sitronix_st7789vw_datasheet_v1.0.pdf	1f9e956057e3909c0714bdab9e682205e03cf52adefd5b4a01093fa3167d398b	317	969	pdftotext -layout (poppler 24.02.0)	2026-08-21T05:17:51Z	split	2	unchecked		unknown	ST7789VW V1.0 2017/09; rhydolabz mirror.
docs/datasheets/ti/drv2605l/ti_drv2605l_datasheet_slos854d.pdf	0597de48de2dd1d08d3d2a801ced819c1c756f152916367608b9146c927bb290	76	1759	pdftotext -layout (poppler 24.02.0)	2026-08-21T05:17:52Z	single	1	unchecked		unknown	
docs/datasheets/x-powers/axp2101/x-powers_axp2101_datasheet_swcharge-v1.0.pdf	e3754322312be3b3bbddba880efa036bd6575d59aac8a58e603608bcbc19a795	51	1498	pdftotext -layout (poppler 24.02.0)	2026-08-21T05:17:52Z	single	1	unchecked		unknown	Waveshare mirror X-power-AXP2101_SWcharge_V1.0 (rev history: 2022-11-04 initial). CJK font warnings from pdftotext; register map text survived.
docs/papers/by-topic/colormaps-visualization/liu2018_somewhere-over-the-rainbow_chi.pdf	19f9ce7d0f82a7c56ba5a03afee1b5d80f72143f1936184e6f823e96a66818a7	12	4253	pdftotext -layout (poppler 24.02.0)	2026-08-21T05:17:52Z	single	1	unchecked		no	
docs/papers/by-topic/formant-lpc/makhoul1975_linear-prediction-tutorial_citation-classic-commentary.pdf	893b12ea4d7b67d27e7a581c3d4016d205e01babf5a9ae709e44a6714aed268a	1	3068	pdftotext -layout (poppler 24.02.0)	2026-08-21T05:17:52Z	single	1	unchecked		unknown	
docs/papers/by-topic/formant-lpc/weenink2023_improved-formant-measurements-praat.pdf	cd7254ba96aaec0b71a2dc9af9a3f418de625337b5798fb43836794a5a5258bb	4	3390	pdftotext -layout (poppler 24.02.0)	2026-08-21T05:17:52Z	single	1	unchecked		unknown	
docs/papers/by-topic/latency-perception/mcpherson2016_action-sound-latency_nime.pdf	07f407ae640dcf1a9088895ad9c52127ee23d3812d7f4c81153da613bdf678a4	6	4921	pdftotext -layout (poppler 24.02.0)	2026-08-21T05:17:52Z	single	1	unchecked		unknown	
docs/papers/by-topic/metrology-statistics/bland1986_statistical-methods-agreement_lancet_author-mirror.pdf	79695cfcf1468719845c7aa89d6ab04c82135d104c24f4fbd44645fe4f1d4286	9	2053	pdftotext -layout (poppler 24.02.0)	2026-08-21T05:17:52Z	single	1	unchecked		no	
docs/papers/by-topic/microphone-placement-voice/poerschmann2020_speech-directivity_daga.pdf	7bd27ebdb4ed8b1d04efbbb46ae5003ceea49571f6ac92b57bdb7fdb0bad4947	4	3821	pdftotext -layout (poppler 24.02.0)	2026-08-21T05:17:52Z	single	1	unchecked		unknown	
docs/papers/by-topic/mir-evaluation-datasets/bittner2019_mirdata.pdf	1b5770f5e583717f0d0e86e9108bf9435bd26ba283cb2557d34245cc8297f24f	8	4186	pdftotext -layout (poppler 24.02.0)	2026-08-21T05:17:52Z	single	1	unchecked		yes	
docs/papers/by-topic/mir-evaluation-datasets/bittner2021_vocadito.pdf	c5f23f5129fd092e4dcc0c636673f1bbb2ef4ccc0ae9e8ded6d506dec7201848	3	3641	pdftotext -layout (poppler 24.02.0)	2026-08-21T05:17:52Z	single	1	unchecked		yes	
docs/papers/by-topic/mir-evaluation-datasets/dai2023_singstyle111.pdf	b33f41fa031ff4be96a4d7c87a029d8cffe6ca3298d24402746b9faecaadf427	9	3949	pdftotext -layout (poppler 24.02.0)	2026-08-21T05:17:52Z	single	1	unchecked		yes	
docs/papers/by-topic/mir-evaluation-datasets/mauch2015_tony.pdf	6e54880b08ed1e435b1df13d674a6b115592614ce4de6599c743640f094b93bd	9	3730	pdftotext -layout (poppler 24.02.0)	2026-08-21T05:17:52Z	single	1	unchecked		unknown	
docs/papers/by-topic/mir-evaluation-datasets/wilkins2018_vocalset.pdf	e74bea3e13584825a71d7f5a2a26f8311a4d4245c3c346cedeb270d2bc834f3b	7	3702	pdftotext -layout (poppler 24.02.0)	2026-08-21T05:17:52Z	single	1	unchecked		yes	
docs/papers/by-topic/pitch-detection/boersma1993_accurate-short-term-f0-hnr_author-mirror.pdf	68ef3dfb9e35b70abe3643c0ee32469ce7868c0bcfad8bde7ccfcec1c55392dd	14	2117	pdftotext -layout (poppler 24.02.0)	2026-08-21T05:17:52Z	single	1	unchecked		unknown	
docs/papers/by-topic/pitch-detection/mcleod2005_smarter-way-to-find-pitch.pdf	8a64a93e92a7095782b5e68ab65d3abf505cf6ac9222fa551b25f0e00b9f564f	4	3631	pdftotext -layout (poppler 24.02.0)	2026-08-21T05:17:52Z	single	1	unchecked		unknown	
docs/papers/by-topic/singers-formant-ltas/sundberg1974_articulatory-interpretation-singing-formant_scan.pdf	34af45dd35261c8ce0cf17156db8183d10777a1cb1bc366c4cbec34ef83deb64	7	4048	pdftotext -layout (poppler 24.02.0)	2026-08-21T05:17:52Z	single	1	unchecked		no	
docs/papers/by-topic/spectral-tilt-voice-quality/garellek2016_voice-quality-jasa.pdf	778155f22e4886b22ccb896e37fbdcc46d030aa39810063bff14c232f7db924c	7	4663	pdftotext -layout (poppler 24.02.0)	2026-08-21T05:17:52Z	single	1	unchecked		no	
docs/papers/by-topic/spectral-tilt-voice-quality/garellek2019_phonetics-of-voice_handbook-chapter.pdf	4d5795dec55146b1ab1e24d41631913d20021a75c2685646565b4e8332f6549f	59	1518	pdftotext -layout (poppler 24.02.0)	2026-08-21T05:17:52Z	single	1	unchecked		no	
docs/papers/by-topic/spectral-tilt-voice-quality/hanson1999_glottal-characteristics-male.pdf	b6df1566c8fb447e91333ecbcfef14fb2399f23081f7dc663ed49c24a38e7dd4	14	3976	pdftotext -layout (poppler 24.02.0)	2026-08-21T05:17:52Z	single	1	unchecked		no	
docs/papers/by-topic/spectral-tilt-voice-quality/iseli2004_harmonic-magnitude-correction.pdf	f3f3d0b70836e2726ab3a6e7d6eae6132d5093e5601655eeb362aab1d4b1ea48	4	3608	pdftotext -layout (poppler 24.02.0)	2026-08-21T05:17:52Z	single	1	unchecked		no	
docs/papers/by-topic/vibrato/driedger2016_template-based-vibrato-analysis.pdf	8b85d03c430129af7a95b2ddc449ff93342ebfbe20fe758887ce9a6002544f6a	7	3993	pdftotext -layout (poppler 24.02.0)	2026-08-21T05:17:52Z	single	1	unchecked		yes	
docs/papers/by-topic/visual-feedback-singing/howard2004_winsingad_lpv.pdf	78e4f22dc3ecbe845e6e47d841b84ec2d55a01b2b377fbb76538483de5df7bf5	10	2774	pdftotext -layout (poppler 24.02.0)	2026-08-21T05:17:53Z	single	1	unchecked		no	
docs/papers/by-topic/visual-feedback-singing/wilson2007_learning-to-sing-in-tune_cim07.pdf	595107c771c651fc4c5e21c0d11c2c794e556a4ebde6cf883f249aa72aa3c104	9	3121	pdftotext -layout (poppler 24.02.0)	2026-08-21T05:17:53Z	single	1	unchecked		unknown	
docs/standards/ansi-asa/ansi-asa_s1-11_octave-band-filters_2004.pdf	e94653d87de6a9b423cc15361d8e13efe4f339e0bed4f4b5e21219a79d50e2a8	31	1672	ocrmypdf --language eng + pdftotext -layout (poppler 24.02.0)	2026-08-21T05:18:02Z	single	1	unchecked		yes	Public.Resource.Org scan (image PDF, OCR'd with ocrmypdf); incorporated by reference into US CFR.
